name,item
Ben Mathew,Salt
Raj,Pepper
Michael,Peanut Butter
Vamshi,Jelly
Archika Dogra,Macaroni
Connor,Cheese
Jason P,Fish
Brian Yu,Chips
gina,Bacon
Abby,Eggs
Patrick Liu,Romeo
Rohun Baxi,Juliet
Hanson,Batman
Erwin,Robin
Yash Dani,Sherlock
luca,Watson
Vikram Kaushik,Ketchup
ansh,Mustard
Nick,Bonnie
Samyu,Clyde
Vivek Vijaykumar,Yin
Anthony,Yang
diya hasteer,Pen
Nimisha,Paper
Stephen Ip,Lock
Allison Hartley,Key
Shrishti Roy,Hammer
Omnia,Nail
Elliot,Bow
Shreya Puli,Arrow
Christina,Cup
Joseph Tobin,Saucer
Timmy Dang,Fork
Luv Goyal,Spoon
Vedang Lad,Shoes (you're in a group of 3)
Tia Chang,Feet (you're in a group of 3)
Anjali,Socks (you're in a group of 3)
ashwit,Rock
galen,Roll
Sadena Rishindran,Black
Zora,White
Chloe Chan,Day
Jack Muraika,Night
Samrit Mathur,War
Somya,Peace
Natasha Cheung,Right
Dhruv Vaish,Left
Shreya Shekhar,Up
Allen,Down
Ali,Hot
Paul,Cold
Tarun,Bread
Zachary Zhang,Butter
Rachel Lau,Gin
Alexandra Li,Tonic
Jared,Nuts
Ashwat,Bolts
hope marie,King
Oliver,Queen